<?xml version="1.0" encoding="utf-8"?>
<templates id="template" xml:space="preserve">
    <t t-name="it_campus_asset.dashboard_template">
        <div id="dashboard_content">
            <div class="card">
                <div class="card-title">Total Assets</div>
                <div class="card-text"><t t-esc="asset_count"/></div>
            </div>
            <div class="card">
                <div class="card-title">Open Incidents</div>
                <div class="card-text"><t t-esc="incident_count"/></div>
            </div>
        </div>
    </t>
</templates>