<?xml version="1.0" encoding="utf-8"?>
<odoo>
    <!-- Catégorie de module personnalisée -->
    <record id="module_category_it_management" model="ir.module.category">
        <field name="name">IT Management</field>
        <field name="sequence">20</field>
    </record>

    <!-- Groupe de base : IT Client -->
    <record id="group_it_client" model="res.groups">
        <field name="name">IT Client</field>
        <field name="category_id" ref="module_category_it_management"/>
    </record>

    <!-- Groupe intermédiaire : IT Technician -->
    <record id="group_it_technician" model="res.groups">
        <field name="name">IT Technician</field>
        <field name="category_id" ref="module_category_it_management"/>
        <field name="implied_ids" eval="[(4, ref('it_campus_asset.group_it_client'))]"/>
    </record>

    <!-- Groupe supérieur : IT Administrator -->
    <record id="group_it_admin" model="res.groups">
        <field name="name">IT Administrator</field>
        <field name="category_id" ref="module_category_it_management"/>
        <field name="implied_ids" eval="[
            (4, ref('base.group_system')),
            (4, ref('it_campus_asset.group_it_technician'))
        ]"/>
    </record>
</odoo>