id,name,model_id:id,group_id:id,perm_read,perm_write,perm_create,perm_unlink
access_it_asset_admin,access_it_asset_admin,it_campus_asset.model_it_asset,it_campus_asset.group_it_admin,1,1,1,1
access_it_asset_technician,access_it_asset_technician,it_campus_asset.model_it_asset,it_campus_asset.group_it_technician,1,0,0,0
access_it_asset_client,access_it_asset_client,it_campus_asset.model_it_asset,it_campus_asset.group_it_client,1,0,0,0
access_it_alert_admin,access_it_alert_admin,it_campus_asset.model_it_alert,it_campus_asset.group_it_admin,1,1,1,1
access_it_alert_technician,access_it_alert_technician,it_campus_asset.model_it_alert,it_campus_asset.group_it_technician,1,0,0,0
access_it_alert_client,access_it_alert_client,it_campus_asset.model_it_alert,it_campus_asset.group_it_client,1,0,0,0
access_it_amortization_admin,access_it_amortization_admin,it_campus_asset.model_it_amortization,it_campus_asset.group_it_admin,1,1,1,1
access_it_amortization_technician,access_it_amortization_technician,it_campus_asset.model_it_amortization,it_campus_asset.group_it_technician,1,0,0,0
access_it_amortization_client,access_it_amortization_client,it_campus_asset.model_it_amortization,it_campus_asset.group_it_client,1,0,0,0
access_it_billing_plan_admin,access_it_billing_plan_admin,it_campus_asset.model_it_billing_plan,it_campus_asset.group_it_admin,1,1,1,1
access_it_billing_plan_technician,access_it_billing_plan_technician,it_campus_asset.model_it_billing_plan,it_campus_asset.group_it_technician,1,0,0,0
access_it_billing_plan_client,access_it_billing_plan_client,it_campus_asset.model_it_billing_plan,it_campus_asset.group_it_client,1,0,0,0
access_it_contract_admin,access_it_contract_admin,it_campus_asset.model_it_contract,it_campus_asset.group_it_admin,1,1,1,1
access_it_contract_technician,access_it_contract_technician,it_campus_asset.model_it_contract,it_campus_asset.group_it_technician,1,0,0,0
access_it_contract_client,access_it_contract_client,it_campus_asset.model_it_contract,it_campus_asset.group_it_client,1,0,0,0
access_it_department_admin,access_it_department_admin,it_campus_asset.model_it_department,it_campus_asset.group_it_admin,1,1,1,1
access_it_department_technician,access_it_department_technician,it_campus_asset.model_it_department,it_campus_asset.group_it_technician,1,0,0,0
access_it_department_client,access_it_department_client,it_campus_asset.model_it_department,it_campus_asset.group_it_client,1,0,0,0
access_it_incident_admin,access_it_incident_admin,it_campus_asset.model_it_incident,it_campus_asset.group_it_admin,1,1,1,1
access_it_incident_technician,access_it_incident_technician,it_campus_asset.model_it_incident,it_campus_asset.group_it_technician,1,1,1,0
access_it_incident_client,access_it_incident_client,it_campus_asset.model_it_incident,it_campus_asset.group_it_client,1,0,0,0
access_it_intervention_admin,access_it_intervention_admin,it_campus_asset.model_it_intervention,it_campus_asset.group_it_admin,1,1,1,1
access_it_intervention_technician,access_it_intervention_technician,it_campus_asset.model_it_intervention,it_campus_asset.group_it_technician,1,1,1,0
access_it_intervention_client,access_it_intervention_client,it_campus_asset.model_it_intervention,it_campus_asset.group_it_client,1,0,0,0
access_it_iot_integration_admin,access_it_iot_integration_admin,it_campus_asset.model_it_iot_integration,it_campus_asset.group_it_admin,1,1,1,1
access_it_iot_integration_technician,access_it_iot_integration_technician,it_campus_asset.model_it_iot_integration,it_campus_asset.group_it_technician,1,0,0,0
access_it_iot_integration_client,access_it_iot_integration_client,it_campus_asset.model_it_iot_integration,it_campus_asset.group_it_client,1,0,0,0
access_it_license_admin,access_it_license_admin,it_campus_asset.model_it_license,it_campus_asset.group_it_admin,1,1,1,1
access_it_license_technician,access_it_license_technician,it_campus_asset.model_it_license,it_campus_asset.group_it_technician,1,0,0,0
access_it_license_client,access_it_license_client,it_campus_asset.model_it_license,it_campus_asset.group_it_client,1,0,0,0
access_it_maintenance_admin,access_it_maintenance_admin,it_campus_asset.model_it_maintenance,it_campus_asset.group_it_admin,1,1,1,1
access_it_maintenance_technician,access_it_maintenance_technician,it_campus_asset.model_it_maintenance,it_campus_asset.group_it_technician,1,1,1,0
access_it_maintenance_client,access_it_maintenance_client,it_campus_asset.model_it_maintenance,it_campus_asset.group_it_client,1,0,0,0
access_it_site_admin,access_it_site_admin,it_campus_asset.model_it_site,it_campus_asset.group_it_admin,1,1,1,1
access_it_site_technician,access_it_site_technician,it_campus_asset.model_it_site,it_campus_asset.group_it_technician,1,0,0,0
access_it_site_client,access_it_site_client,it_campus_asset.model_it_site,it_campus_asset.group_it_client,1,0,0,0
access_it_sla_template_admin,access_it_sla_template_admin,it_campus_asset.model_it_sla_template,it_campus_asset.group_it_admin,1,1,1,1
access_it_sla_template_technician,access_it_sla_template_technician,it_campus_asset.model_it_sla_template,it_campus_asset.group_it_technician,1,0,0,0
access_it_sla_template_client,access_it_sla_template_client,it_campus_asset.model_it_sla_template,it_campus_asset.group_it_client,1,0,0,0
access_it_supplier_admin,access_it_supplier_admin,it_campus_asset.model_it_supplier,it_campus_asset.group_it_admin,1,1,1,1
access_it_supplier_technician,access_it_supplier_technician,it_campus_asset.model_it_supplier,it_campus_asset.group_it_technician,1,0,0,0
access_it_supplier_client,access_it_supplier_client,it_campus_asset.model_it_supplier,it_campus_asset.group_it_client,1,0,0,0
access_it_technician_admin,access_it_technician_admin,it_campus_asset.model_it_technician,it_campus_asset.group_it_admin,1,1,1,1
access_it_technician_technician,access_it_technician_technician,it_campus_asset.model_it_technician,it_campus_asset.group_it_technician,1,0,0,0
access_it_technician_client,access_it_technician_client,it_campus_asset.model_it_technician,it_campus_asset.group_it_client,1,0,0,0
access_it_user_final_admin,access_it_user_final_admin,it_campus_asset.model_it_user_final,it_campus_asset.group_it_admin,1,1,1,1
access_it_user_final_technician,access_it_user_final_technician,it_campus_asset.model_it_user_final,it_campus_asset.group_it_technician,1,0,0,0
access_it_user_final_client,access_it_user_final_client,it_campus_asset.model_it_user_final,it_campus_asset.group_it_client,1,0,0,0
access_res_partner_it_client_admin,access_res_partner_it_client_admin,base.model_res_partner,it_campus_asset.group_it_admin,1,1,1,1
access_res_partner_it_client_technician,access_res_partner_it_client_technician,base.model_res_partner,it_campus_asset.group_it_technician,1,0,0,0
access_res_partner_it_client_client,access_res_partner_it_client_client,base.model_res_partner,it_campus_asset.group_it_client,1,0,0,0
access_it_warranty_admin,access_it_warranty_admin,it_campus_asset.model_it_warranty,it_campus_asset.group_it_admin,1,1,1,1
access_it_warranty_technician,access_it_warranty_technician,it_campus_asset.model_it_warranty,it_campus_asset.group_it_technician,1,0,0,0
access_it_warranty_client,access_it_warranty_client,it_campus_asset.model_it_warranty,it_campus_asset.group_it_client,1,0,0,0