<odoo>
    <!-- Règle : Les clients voient uniquement leurs assets -->
    <record id="rule_it_asset_client" model="ir.rule">
        <field name="name">IT Asset - Client Access</field>
        <field name="model_id" ref="model_it_asset"/>
        <field name="domain_force">[('client_id', '=', user.partner_id.id)]</field>
        <field name="groups" eval="[(4, ref('it_campus_asset.group_it_client'))]"/>
    </record>

    <!-- Règle : Les techniciens voient uniquement leurs incidents -->
    <record id="rule_it_incident_technician" model="ir.rule">
        <field name="name">IT Incident - Technician Access</field>
        <field name="model_id" ref="model_it_incident"/>
        <field name="domain_force">[('technician_id', '=', user.id)]</field>
        <field name="groups" eval="[(4, ref('it_campus_asset.group_it_technician'))]"/>
    </record>

    <!-- Règle : Les techniciens voient uniquement leurs interventions -->
    <record id="rule_it_intervention_technician" model="ir.rule">
        <field name="name">IT Intervention - Technician Access</field>
        <field name="model_id" ref="model_it_intervention"/>
        <field name="domain_force">[('technician_id', '=', user.id)]</field>
        <field name="groups" eval="[(4, ref('it_campus_asset.group_it_technician'))]"/>
    </record>
</odoo>
