<?xml version="1.0" encoding="utf-8"?>
<odoo>
    <record id="alert_type_warranty" model="it.alert.type">
        <field name="name">Warranty Expiration</field>
        <field name="code">WARRANTY</field>
    </record>
    <record id="alert_type_license" model="it.alert.type">
        <field name="name">License Expiration</field>
        <field name="code">LICENSE</field>
    </record>
    <record id="alert_type_maintenance" model="it.alert.type">
        <field name="name">Maintenance Due</field>
        <field name="code">MAINTENANCE</field>
    </record>
    <record id="alert_type_inactivity" model="it.alert.type">
        <field name="name">Prolonged Inactivity</field>
        <field name="code">INACTIVITY</field>
    </record>
</odoo>