<?xml version="1.0" encoding="utf-8"?>
<odoo>
    <record id="demo_client_1" model="res.partner">
        <field name="name">Demo Client 1</field>
        <field name="is_company">1</field>
        <field name="customer_rank">1</field>
    </record>
    <record id="demo_contract_1" model="it.contract">
        <field name="name">Demo Contract 1</field>
        <field name="client_id" ref="demo_client_1"/>
        <field name="start_date">2024-01-01</field>
        <field name="end_date">2024-12-31</field>
        <field name="billing_frequency">monthly</field>
        <field name="amount">500.00</field>
        <field name="sla_template_id" ref="sla_template_standard"/>
    </record>
    <record id="demo_asset_1" model="it.asset">
        <field name="name">Demo Computer 1</field>
        <field name="equipment_type_id" ref="equipment_type_computer"/>
        <field name="client_id" ref="demo_client_1"/>
        <field name="purchase_date">2023-01-01</field>
        <field name="warranty_end_date">2025-01-01</field>
        <field name="status">active</field>
        <field name="value">1200.00</field> <!-- CHAMP REQUIS MANQUANT -->

    </record>
    <record id="demo_incident_1" model="it.incident">
        <field name="name">Demo Incident 1</field>
        <field name="client_id" ref="demo_client_1"/>
        <field name="asset_id" ref="demo_asset_1"/>
        <field name="priority">high</field>
        <field name="status">open</field>
    </record>
</odoo>