<?xml version="1.0" encoding="utf-8"?>
<odoo>
    <record id="equipment_type_computer" model="it.equipment.type">
        <field name="name">Computer</field>
        <field name="default_amortization_years">5</field>
        <field name="average_purchase_value">1000</field>
    </record>
    <record id="equipment_type_printer" model="it.equipment.type">
        <field name="name">Printer</field>
        <field name="default_amortization_years">3</field>
        <field name="average_purchase_value">500</field>
    </record>
    <record id="equipment_type_router" model="it.equipment.type">
        <field name="name">Router</field>
        <field name="default_amortization_years">4</field>
        <field name="average_purchase_value">300</field>
    </record>
</odoo>