<?xml version="1.0" encoding="utf-8"?>
<odoo>
    <record id="intervention_type_installation" model="it.intervention.type">
        <field name="name">Installation</field>
    </record>
    <record id="intervention_type_replacement" model="it.intervention.type">
        <field name="name">Replacement</field>
    </record>
    <record id="intervention_type_update" model="it.intervention.type">
        <field name="name">Update</field>
    </record>
    <record id="intervention_type_checkup" model="it.intervention.type">
        <field name="name">Periodic Checkup</field>
    </record>
</odoo>