<?xml version="1.0" encoding="UTF-8"?>
<odoo>
    <record id="invoice_plan_template_basic" model="it.asset.invoice.plan.template">
        <field name="name">Plan de facturation mensuel</field>
        <field name="description">Facturation mensuelle standard pour équipements IT</field>
        <field name="recurrence_type">monthly</field> <!-- daily, weekly, monthly, yearly -->
        <field name="recurrence_interval">1</field> <!-- Tous les mois -->
        <field name="invoice_count">12</field> <!-- Nombre de factures prévues -->
    </record>
</odoo>
