<?xml version="1.0" encoding="utf-8"?>
<odoo>
    <record id="cron_generate_alerts" model="ir.cron">
        <field name="name">Generate Alerts</field>
        <field name="model_id" ref="model_it_alert"/>
        <field name="state">code</field>
        <field name="code">model.generate_alerts()</field>
        <field name="interval_number">1</field>
        <field name="interval_type">days</field>
        <field name="active">1</field>
    </record>

    <record id="cron_generate_invoices" model="ir.cron">
        <field name="name">Generate Recurring Invoices</field>
        <field name="model_id" ref="model_it_billing_plan"/>
        <field name="state">code</field>
        <field name="code">model.generate_invoices()</field>
        <field name="interval_number">1</field>
        <field name="interval_type">months</field>
        <field name="active">1</field>
    </record>
</odoo>
