<?xml version="1.0" encoding="utf-8"?>
<odoo>
    <record id="seq_equipment" model="ir.sequence">
        <field name="name">Equipment Sequence</field>
        <field name="code">it.asset</field>
        <field name="prefix">EQP</field>
        <field name="padding">4</field>
        <field name="number_next">1</field>
        <field name="company_id" eval="False"/>
    </record>
    <record id="seq_intervention" model="ir.sequence">
        <field name="name">Intervention Sequence</field>
        <field name="code">it.intervention</field>
        <field name="prefix">INT</field>
        <field name="padding">4</field>
        <field name="number_next">1</field>
        <field name="company_id" eval="False"/>
    </record>
    <record id="seq_incident" model="ir.sequence">
        <field name="name">Incident Sequence</field>
        <field name="code">it.incident</field>
        <field name="prefix">INC</field>
        <field name="padding">4</field>
        <field name="number_next">1</field>
        <field name="company_id" eval="False"/>
    </record>
</odoo>