<?xml version="1.0" encoding="utf-8"?>
<odoo>
    <record id="sla_template_premium" model="it.sla.template">
        <field name="name">Premium 24h</field>
        <field name="response_time">24</field> <!-- in hours -->
        <field name="resolution_time">48</field>
        <field name="penalty_rate">0.10</field> <!-- 10% penalty -->
        <field name="availability">99.9</field>
    </record>
    <record id="sla_template_standard" model="it.sla.template">
        <field name="name">Standard 48h</field>
        <field name="response_time">48</field>
        <field name="resolution_time">96</field>
        <field name="penalty_rate">0.05</field>
        <field name="availability">99.5</field>
    </record>
    <record id="sla_template_economic" model="it.sla.template">
        <field name="name">Economic 5d</field>
        <field name="response_time">120</field>
        <field name="resolution_time">240</field>
        <field name="penalty_rate">0.02</field>
        <field name="availability">99.0</field>
    </record>
</odoo>